,class,True positives,True negatives,False positives,False negatives,Percision,F1 score,Recall
0,1,477,1023,0,0,1.0,1.0,1.0
1,2,177,1323,0,0,1.0,1.0,1.0
2,3,255,1241,1,3,0.99609375,0.9922178988326849,0.9883720930232558
3,4,424,1072,3,1,0.9929742388758782,0.9953051643192489,0.9976470588235294
4,5,163,1337,0,0,1.0,1.0,1.0
